ISIN,Generic LTV,Override Last Upload',Diff
XS1344477028,0,NA,N
XS1317967492,0.75,NA,N
XS2772028911,0,NA,N
USU81522AE14,0.8,NA,N
USU81522AF88,0.7,NA,N
USU81522AG61,0.7,NA,N
XS2080819779,0.9,NA,N
XS2341038656,0.85,NA,N
US00287YCB39,0.75,NA,N
XS1753595328,0.85,NA,N
XS1090889947,0.9,NA,N
XS2103007675,0.95,NA,N
XS1264600310,0.9,NA,N
XS2651081304,0.85,NA,N
XS1709535097,0.75,NA,N
XS1435072464,0.9,NA,N
XS1808737594,0.95,NA,N
XS2600248335,0.75,NA,N
XS2367109803,0.7,0.7,N
XS2109438205,0.75,0.75,N
XS2383328932,0.75,0.75,N
XS1854172043,0.75,0.75,N
USY00130RW92,0.9,0.9,N
XS1636266832,0.85,0.85,N
USY00130VS35,0.85,0.85,N
USY00130RP42,0.75,0.75,N
USY00130YU53,0.65,0.65,N
XS1391575161,0.85,0.85,N
AU3CB0248169,0.9,NA,N
XS2072933778,0.85,NA,N
XS1983289791,0.9,NA,N
XS2343007170,0.75,NA,N
XS2053566068,0.8,NA,N
XS2343627712,0,NA,N
XS2194361494,0,NA,N
XS2243343204,0,NA,N
XS2770234826,0.95,NA,N
XS2655732746,0.95,NA,N
XS2728465613,0.95,NA,N
XS2735739505,0.95,NA,N
XS2732943506,0.95,NA,N
XS2731234154,0.95,NA,N
XS2328261263,0.7,NA,N
US00131MAK99,0.75,NA,N
US00131M2B87,0.75,NA,N
US00914AAB89,0.9,NA,N
AU3CB0289213,0.8,NA,N
XS2607535684,0.85,NA,N
XS2238947126,0,NA,N
US01609WAV46,0.75,NA,N
XS2615583510,0.7,NA,N
US02079KAE73,0.75,NA,N
US02079KAF49,0.75,NA,N
US02209SBL60,0.75,NA,N
US02209SBM44,0.7,NA,N
US02209SBN27,0.7,NA,N
US02209SBP74,0.7,NA,N
US02209SAQ66,0.7,NA,N
US02209SBD45,0.85,NA,N
US02209SBF92,0.7,NA,N
US02209SBG75,0.7,NA,N
US023135BZ81,0.8,NA,N
US023135BU94,0.75,NA,N
US023135CA22,0.75,NA,N
US023135CK04,0.75,NA,N
US023135CQ73,0.85,NA,N
USU0242AAD47,0.4,NA,N
US025676AM95,0.85,NA,N
US02665WCE93,0.9,NA,N
US02665WEH07,0.8,NA,N
US026874DL83,0.7,NA,N
US031162DS61,0.7,NA,N
XS2161843789,0,NA,N
US03512TAF84,0.65,NA,N
US03522AAJ97,0.75,NA,N
US00182FBU93,0.85,NA,N
XS1617833584,0,NA,N
US037833EE62,0.75,NA,N
US037833DZ01,0.75,NA,N
US037833EA41,0.75,NA,N
US037833DB33,0.9,NA,N
US037833DK32,0.9,NA,N
US037833DD98,0.75,NA,N
US037833AL42,0.75,NA,N
US037833ET32,0.85,NA,N
US037833EW60,0.75,NA,N
US04010LAZ67,0.9,NA,N
US040114HX11,0,NA,N
US040114HT09,0,NA,N
AU3CB0252955,0.9,NA,N
FR001400CSG4,0.9,NA,N
SGXF53470518,0.8,NA,N
SGXF50149396,0.7,NA,N
SGXF93037806,0.3,NA,N
XS1056732214,0,NA,N
SGXF34882443,0,NA,N
XS1879223565,0.9,NA,N
US00206RKF81,0.7,NA,N
US00206RJZ64,0.7,NA,N
US00206RMN97,0.7,NA,N
AU3CB0256907,0.9,NA,N
US00206RCP55,0.7,NA,N
AU3CB0256915,0.85,NA,N
US00206RDH21,0.7,NA,N
US00206RHA32,0.7,NA,N
US00206RDS85,0.7,NA,N
US00206RCU41,0.7,NA,N
US04686E2Q45,0.95,NA,N
US04686JAC53,0.8,NA,N
US04686JAF84,0.75,NA,N
AU3CB0274173,0.8,NA,N
AU3CB0273563,0.9,NA,N
XS2212009000,0.8,NA,N
XS2095795881,0.7,NA,N
USQ0426RND62,0.9,NA,N
AU3CB0289221,0.95,NA,N
AU3CB0298354,0.85,NA,N
US05254JAA88,0.95,NA,N
XS2181348405,0.75,NA,N
USG0686BAK55,0.85,NA,N
US054536AA57,0.8,NA,N
USV04008AA29,0.4,NA,N
US05971BAG41,0.75,NA,N
USP09252AK62,0.7,NA,N
XS2748853194,0.8,NA,N
AU3CB0306140,0.8,NA,N
USY06072AF24,0.7,NA,N
USY0606WBQ25,0.8,NA,N
XS2169280919,0.9,NA,N
XS0307202530,0,NA,N
US06051GFH74,0.95,NA,N
US06051GEN51,0.75,NA,N
US59022CAJ27,0.7,NA,N
US06428CAA27,0.9,NA,N
XS1972573007,0.9,NA,N
US06120TAA60,0.95,NA,N
HK0000950953,0.95,NA,N
HK0000984945,0.95,NA,N
HK0000984515,0.95,NA,N
HK0000992765,0.95,NA,N
XS2633583500,0.95,NA,N
XS2728917969,0.95,NA,N
XS2724884791,0.95,NA,N
HK0000936580,0.95,NA,N
XS2168040744,0.75,NA,N
CA06368B2H05,0.95,NA,N
XS2063540038,0.75,NA,N
XS1650033571,0.85,NA,N
AU3CB0264513,0.95,NA,N
US06738EAE59,0.9,NA,N
XS1722863054,0.7,NA,N
AU3CB0264521,0.8,NA,N
US06738EAN58,0.9,NA,N
US05526DBU81,0.7,NA,N
US05526DBK00,0.7,NA,N
US05526DBV64,0.7,NA,N
US054989AB41,0.7,NA,N
US05530QAN07,0.9,NA,N
US05530QAQ38,0.85,NA,N
USU07229AB00,0.85,NA,N
USU07265AE85,0.9,NA,N
USU07265AF50,0.85,NA,N
US055291AC24,0.8,NA,N
XS2199575569,0.9,NA,N
XS2010045438,0.2,NA,N
XS1508669790,0.2,NA,N
US075896AB63,0,NA,N
US075896AC47,0,NA,N
US084659AV35,0.8,NA,N
US084664CQ25,0.75,NA,N
US084664CV10,0.75,NA,N
US084664CR08,0.75,NA,N
US084664BU46,0.75,NA,N
USY0889VAA80,0.9,NA,N
XS0834399635,0.95,NA,N
US055451BA54,0.75,NA,N
US055451AV01,0.75,NA,N
US09062XAD57,0.7,NA,N
USU0925BAK09,0.75,NA,N
US09261HAT41,0.9,NA,N
XS2468125609,0.85,NA,N
US09261HBA41,0.9,NA,N
US09261LAC28,0.9,NA,N
US69120VAF85,0.85,NA,N
USU09513JR12,0.75,NA,N
XS1575637266,0.95,NA,N
XS1485725854,0.85,NA,N
US05581LAC37,0.85,NA,N
US09660V2C60,0.7,NA,N
US09659X2D34,0.95,NA,N
US09659X2C50,0.85,NA,N
US09681MAK45,0.85,NA,N
XS2025977427,0.85,NA,N
US09681MAM01,0.95,NA,N
US097023CU76,0.85,NA,N
US097023CY98,0.75,NA,N
US097023CV59,0.65,NA,N
US097023CW33,0.65,NA,N
US097023CX16,0.65,NA,N
XS2597110613,0.3,NA,N
US10373QBG47,0.75,NA,N
US10373QBU31,0.75,NA,N
US05565QDH83,0.85,NA,N
US05578UAD63,0.9,NA,N
US05578UAC80,0.95,NA,N
USN15516AB83,0.7,NA,N
USN15516AE23,0.4,NA,N
US10922NAF06,0.65,NA,N
US110122DW58,0.75,NA,N
XS1592647264,0.95,NA,N
XS2190040100,0.6,NA,N
USV1541CAA19,0.35,NA,N
CA135087N266,0.85,NA,N
CA135087P246,0.95,NA,N
XS1965523084,0.9,NA,N
SGXF41942867,0.3,NA,N
SGXF77189094,0.3,NA,N
US14149YAW84,0.7,NA,N
US14149YBD94,0.7,NA,N
XS2333657422,0.3,NA,N
XS2611617619,0.35,NA,N
US15089QAL86,0.9,NA,N
XS2009282539,0.3,NA,N
USP2205JAK62,0.9,NA,N
XS2215180550,0,NA,N
XS2102302200,0,NA,N
XS2282587414,0,NA,N
XS2059791231,0.95,NA,N
XS0764314695,0.7,NA,N
XS2581979841,0,NA,N
XS2581979171,0,NA,N
XS2289202587,0.45,NA,N
XS2289203551,0.35,NA,N
XS2374510407,0.95,NA,N
XS2701555968,0.9,NA,N
XS2753292312,0.9,NA,N
XS2406896428,0.85,NA,N
XS1733226747,0.95,NA,N
XS1611005957,0,NA,N
XS2307633565,0,NA,N
XS1937690128,0,NA,N
XS2281799572,0.8,NA,N
XS2133246327,0.8,NA,N
USG21184AB52,0.9,NA,N
XS1573134951,0.95,NA,N
USG2117CAC67,0.95,NA,N
XS2709258631,0.95,NA,N
XS2774400084,0.4,NA,N
XS2106834299,0,NA,N
XS1627599498,0,NA,N
XS1580431143,0,NA,N
XS1627599654,0,NA,N
XS1982036961,0,NA,N
XS1587867539,0,NA,N
XS2471127584,0.4,NA,N
XS1662453544,0,NA,N
XS2732416552,0.95,NA,N
XS0985567881,0.7,NA,N
XS2316077572,0,NA,N
XS2286966093,0,NA,N
XS2227351900,0,NA,N
XS1974405893,0,NA,N
XS1720216388,0,NA,N
XS2320779213,0.75,0.6,Y
XS1442177645,0.3,NA,N
XS2386427368,0.4,NA,N
XS2114327302,0.9,NA,N
XS2043658819,0.95,NA,N
XS2099272846,0,NA,N
XS2075784103,0,NA,N
XS1969792800,0,NA,N
SGXF45929951,0.4,NA,N
USU1718RAA69,0.85,NA,N
USU1569XAB11,0.9,NA,N
XS0893206747,0.4,NA,N
XS2474877359,0,NA,N
US172967KG57,0.9,NA,N
US172967FX46,0.7,NA,N
SGXF22320638,0.3,NA,N
AU3CB0302107,0.9,NA,N
XS2364591367,0.8,NA,N
SGXF42824155,0.75,NA,N
SG6SD2000009,0.95,NA,N
SGXF14573293,0.8,NA,N
XS1328315723,0,NA,N
XS2011969735,0.8,NA,N
US65334HAA05,0.75,NA,N
USG21895AC44,0.75,NA,N
XS2339960093,0.95,NA,N
US191216DQ04,0.75,NA,N
US191216CQ13,0.75,NA,N
US20030NDP33,0.75,NA,N
US20030NCN93,0.75,NA,N
XS2030333038,0.7,NA,N
USP29595AE80,0.7,NA,N
USP30179BR86,0.7,NA,N
XS2633553933,0.85,NA,N
XS1869582335,0.65,NA,N
USQ2704MAA64,0.7,NA,N
AU3CB0245744,0.9,NA,N
US2027A1HR15,0.9,NA,N
XS2649700163,0.95,NA,N
USQ2693DBV21,0.7,NA,N
AU3CB0295566,0.95,NA,N
AU3CB0301703,0.9,NA,N
AU0000095457,0.95,NA,N
AU000XCLWAG2,0.8,NA,N
AU0000300535,0.8,NA,N
USP06518AG23,0.4,NA,N
US21684AAC09,0.9,NA,N
AU3CB0306983,0.85,NA,N
AU3CB0304525,0.85,NA,N
US21871NAA90,0.5,NA,N
US219350BK07,0.7,NA,N
USP3143NBM58,0.7,NA,N
XS1750118462,0,0,N
XS2051371222,0,0,N
XS1974522937,0,0,N
XS1880442717,0,0,N
XS2210960378,0,0,N
XS2100725949,0,0,N
USF2R125AC99,0.9,NA,N
AU3CB0299675,0.85,NA,N
US22535EAG26,0.75,NA,N
US22546QAP28,0.95,NA,N
USG2583XAB76,0.6,NA,N
XS2115047735,0.85,NA,N
US126650DG21,0.8,NA,N
US126650CZ11,0.7,NA,N
US126650CN80,0.7,NA,N
US126650DY37,0.7,NA,N
US126650CD09,0.7,NA,N
XS2491049651,0.45,NA,N
XS2124942595,0.35,NA,N
XS2648078322,0.35,NA,N
AU3CB0306835,0.9,NA,N
US24023LAF31,0.9,NA,N
US24023LAJ52,0.95,NA,N
USY2R27RAB56,0.35,NA,N
USY2R40TAB40,0.3,NA,N
US24702RAF82,0.65,NA,N
US24703DBL47,0.75,NA,N
US24703TAJ51,0.7,NA,N
US24703TAK25,0.7,NA,N
US247361ZN12,0.65,NA,N
US247361ZZ42,0.85,NA,N
USY8137FAR92,0,NA,N
US251525AP63,0.9,NA,N
US251526CF47,0.7,NA,N
XS2265369657,0.85,NA,N
DE000A30WFV1,0.85,NA,N
USN27915AB85,0.7,NA,N
USV28479AA77,0.6,NA,N
XS2749764382,0.85,NA,N
USU2541MAA81,0.5,NA,N
US25470DAT63,0.65,NA,N
US25470DAD12,0.65,NA,N
USU7051JAA61,0.35,NA,N
US260543CR27,0.7,NA,N
US260543DH36,0.7,NA,N
XS2026710553,0.8,NA,N
XS2677631355,0.7,NA,N
XS2056719359,0.7,NA,N
XS1883879006,0.7,NA,N
USG28296AE42,0.85,NA,N
XS1062038143,0.35,NA,N
XS2066636429,0,NA,N
XS2356571559,0.8,NA,N
XS1827041721,0.9,NA,N
US279158AL39,0.75,NA,N
US279158AE95,0.4,NA,N
XS2689095086,0.4,NA,N
FR0013464963,0.7,NA,N
USF2893TAR70,0.7,NA,N
USF2893TAE67,0.7,NA,N
USF2893TAC02,0.7,NA,N
US29078EAA38,0,NA,N
XS2225210330,0.75,NA,N
XS2125308242,0.75,NA,N
AU0000078644,0.85,NA,N
AU3CB0297018,0.75,0.75,N
AU3CB0250512,0.9,NA,N
XS1720052254,0.75,NA,N
USN30707AS74,0.9,NA,N
USG3065HAB71,0.75,NA,N
XS2360202829,0,NA,N
US30040WAS70,0.95,NA,N
US30216KAF93,0.75,NA,N
US30216KAG76,0.65,NA,N
US30216KAE29,0.75,NA,N
US30231GBK76,0.8,NA,N
XS1640676885,0,NA,N
XS1498418224,0,NA,N
XS2210790783,0,NA,N
XS2393797530,0.85,NA,N
SG79A7000003,0.3,NA,N
US105756AL40,0.45,NA,N
DE0001102432,0.8,NA,N
US31428XCA28,0.7,NA,N
XS2207514063,0.45,NA,N
XS2302929901,0.45,NA,N
XS2615919284,0.85,NA,N
US345277AE74,0.5,NA,N
US345370BS81,0.4,NA,N
US345370CS72,0.4,NA,N
US345370CA64,0.45,NA,N
US345370BV11,0.45,NA,N
US345397B280,0.85,NA,N
XS2008854650,0.85,NA,N
US345397XU23,0.85,NA,N
XS1959498244,0.85,NA,N
US345397ZR75,0.6,NA,N
XS2744491106,0.65,NA,N
US345397C437,0.75,NA,N
XS1214406792,0.9,NA,N
XS2357132849,0.4,0,Y
XS2343337122,0.6,0,Y
XS2238561794,0.7,0,Y
XS2236363227,0.8,NA,N
XS2013709220,0.9,NA,N
XS2030348903,0.6,0.5,Y
SGXF39817485,0.3,NA,N
USY7141BAA18,0.85,NA,N
USY7141BAB90,0.65,NA,N
FR0014002WK3,0.8,NA,N
US302635AG21,0.9,NA,N
XS2730013104,0.7,NA,N
XS2022434364,0.85,NA,N
XS1106513762,0.95,NA,N
XS2585988145,0.75,NA,N
XS2466368003,0.9,NA,N
XS2589270953,0.9,NA,N
XS2572292626,0,NA,N
XS2329602135,0.6,NA,N
XS0191754729,0.3,0,Y
XS2196334671,0.1,0,Y
US36830DAD30,0.65,NA,N
XS2126300479,0.9,NA,N
US37045VAJ98,0.7,NA,N
US37045VAF76,0.7,NA,N
US37045VAK61,0.7,NA,N
US37045XBT28,0.9,NA,N
US37045XEG79,0.8,NA,N
US37045XED49,0.75,NA,N
US36162JAB26,0,NA,N
XS2586740818,0.3,NA,N
USC98874AJ64,0.7,NA,N
USU37818AR97,0.85,NA,N
XS1242348164,0,0,N
USY3004WAA00,0.5,NA,N
XS1551355149,0.9,NA,N
USY2749KAC46,0,NA,N
XS2468379297,0,NA,N
AU3CB0244085,0.95,NA,N
US38141GVR28,0.9,NA,N
US38141GGM06,0.7,NA,N
US38141GZV93,0.95,NA,N
US38141GFD16,0.7,NA,N
XS1078750004,0.95,NA,N
USY6142NAF51,0.35,NA,N
USY6142NAG35,0.35,NA,N
USN3700LAD75,0.7,NA,N
USV3855MAA54,0.55,NA,N
USV3855GAB69,0.7,NA,N
USV3855GAA86,0.85,NA,N
USV3856JAA17,0.75,NA,N
XS1081321595,0,NA,N
XS2188664929,0,NA,N
XS2076775233,0,NA,N
XS1760383577,0,NA,N
XS2207192191,0,NA,N
XS2055399054,0,NA,N
XS2265218441,0.4,NA,N
XS2281463237,0.9,NA,N
HK0000707569,0.95,NA,N
US40963MAH51,0.95,NA,N
XS2617406132,0.95,0.9,Y
USU2465RAC52,0.8,NA,N
US413086AH29,0.95,NA,N
XS1794215696,0,NA,N
XS2592028091,0.85,NA,N
XS2178924739,0.4,NA,N
HK0000909991,0.4,NA,N
XS2590996760,0.4,NA,N
NZGOVDT551C8,0.8,NA,N
US42824CBM01,0.9,NA,N
XS1637846616,0.85,NA,N
XS1499773098,0,NA,N
US437076CC49,0.75,NA,N
US438516CK03,0.75,NA,N
XS2595960845,0.95,NA,N
XS2594811718,0.95,NA,N
USY3422VCY21,0.9,NA,N
AU3CB0297406,0.85,NA,N
XS2357744619,0.8,NA,N
US443201AA64,0.85,NA,N
US42824CAX74,0.7,NA,N
US42824CAY57,0.7,NA,N
US428236BR31,0.7,NA,N
XS1599758940,0.5,NA,N
XS2052949968,0.6,NA,N
XS2075956594,0.95,NA,N
XS1473485925,0.85,NA,N
XS2355184149,0.9,NA,N
US404280AP48,0.95,NA,N
US404280AU33,0.9,NA,N
US404280AW98,0.9,NA,N
US404280DM89,0.7,NA,N
US404280DL07,0.7,NA,N
US404280AJ87,0.7,NA,N
XS1232274255,0,NA,N
XS2540489338,0.4,NA,N
XS1713316252,0.75,0.75,N
XS1596795358,0.6,NA,N
XS2122990810,0.45,NA,N
XS1422790615,0.85,NA,N
XS1165659514,0.85,0.8,Y
XS2224448618,0.9,NA,N
XS2418788308,0.9,NA,N
USP5300PAB96,0.65,NA,N
USY7141MAA72,0.8,NA,N
XS2178221490,0.85,NA,N
US44891CBX02,0.85,NA,N
US44891CBD48,0.9,NA,N
US44891CCB72,0.9,NA,N
US44891CCD39,0.85,NA,N
US44891CCE12,0.8,NA,N
US44891CCP68,0.8,NA,N
USY3815NBC49,0.9,NA,N
USY3815NBE05,0.9,NA,N
US451102BT32,0.6,NA,N
XS2320543445,0.8,NA,N
XS1558166861,0.3,NA,N
US45112FAM86,0.85,NA,N
US45112FAJ57,0.85,NA,N
USY39656AC06,0.9,NA,N
USV4605MAA63,0.5,NA,N
XS2301399205,0.85,NA,N
US45434M2A91,0.75,NA,N
US45434M2B74,0.65,NA,N
USY39690AA30,0.7,NA,N
XS2343321399,0.65,NA,N
XS2349180104,0.7,NA,N
XS2399788277,0.65,NA,N
USY7140WAE85,0.9,NA,N
XS2291793573,0.4,NA,N
XS2621526180,0.95,NA,N
XS2622180581,0.95,NA,N
XS2718003556,0.95,NA,N
XS2732980961,0.95,NA,N
XS2763085482,0.4,NA,N
XS2739597933,0.4,0.95,Y
USP56145AC23,0.65,NA,N
US456837AM56,0.85,NA,N
US458140BV11,0.75,NA,N
US458140CJ73,0.75,NA,N
XS2240494711,0.85,NA,N
AU3CB0271914,0.8,NA,N
US460146CH42,0.7,NA,N
XS2294840363,0.8,NA,N
XS1729875598,0,NA,N
USY8793YAL66,0,NA,N
XS2315827209,0.9,NA,N
US46849MBA62,0.95,NA,N
US46849MCF41,0.95,NA,N
USG5002FAU06,0.5,NA,N
XS2364593579,0.4,NA,N
USG5002FAV88,0.4,NA,N
USG5002FAT33,0.7,NA,N
USG5002FAM89,0.5,NA,N
JP1300781P48,0.75,NA,N
XS2313088739,0.35,NA,N
US472319AM43,0.7,NA,N
XS2456872063,0.9,NA,N
XS2278537787,0,NA,N
XS2333154867,0,NA,N
XS2279822683,0,NA,N
XS2734136182,0,NA,N
US24422EWZ86,0.8,NA,N
US478160CR35,0.8,NA,N
XS1910118055,0.95,NA,N
XS2194913443,0.3,NA,N
US48126BAA17,0.75,NA,N
US46625HJB78,0.75,NA,N
XS1449779559,0.95,NA,N
XS1449774592,0.95,NA,N
XS1843433472,0,NA,N
USY44680RV38,0.7,NA,N
USY44680RW11,0.4,NA,N
XS2049728004,0.85,NA,N
XS1981202861,0.85,NA,N
XS2383503013,0.8,NA,N
XS2383492902,0.75,NA,N
USN46850AA67,0.75,NA,N
XS1883352764,0.85,NA,N
SG6SG9000005,0.3,NA,N
XS2002235518,0,NA,N
XS2347581873,0,NA,N
USG52132BW96,0,NA,N
XS1627597955,0,NA,N
XS1627598094,0,NA,N
XS2201954067,0,NA,N
XS2106329134,0,NA,N
XS2045072282,0.95,NA,N
XS2580263734,0.85,NA,N
USY70908AA90,0,NA,N
XS2243816977,0.95,NA,N
XS2473375124,0.95,NA,N
SGXF55503175,0.3,NA,N
SGXF91351902,0.3,NA,N
XS2290956924,0.4,NA,N
XS2408003064,0.35,NA,N
XS1675862103,0.35,NA,N
XS2611617700,0.35,NA,N
XS2294323386,0.75,NA,N
XS1791937441,0.95,NA,N
XS1936302949,0.75,NA,N
ES0000012H41,0,0.75,Y
XS2618701002,0.9,NA,N
US500472AE51,0.7,NA,N
US500472AC95,0.7,NA,N
US50050HAN61,0.8,NA,N
USY48406BA27,0.75,NA,N
US50066CAJ80,0.95,NA,N
XS2325566847,0.9,NA,N
XS2600704956,0.85,NA,N
XS2465969132,0.95,NA,N
US50077LAB27,0.7,NA,N
US50077LAZ94,0.7,NA,N
SG77J3000002,0,NA,N
XS2626274463,0.75,NA,N
USY49915BB93,0.95,NA,N
XS2544560639,0.9,NA,N
XS1803070520,0,NA,N
XS2744854261,0.3,NA,N
XS1567906059,0.6,NA,N
XS2343325622,0,NA,N
XS2257830716,0,NA,N
XS2530437339,0,NA,N
XS1716631301,0,NA,N
US501797AN49,0.6,NA,N
XS2368038050,0,NA,N
DE000LB1P720,0.75,NA,N
DE000LB1DV90,0.75,NA,N
XS1418635337,0.85,NA,N
XS2125052261,0.9,NA,N
USY52758AC63,0.95,NA,N
USY52758AG77,0.9,NA,N
USU5286JAB53,0.4,NA,N
XS2214755345,0.85,NA,N
US532716AK37,0.3,NA,N
XS1105268228,0.95,NA,N
XS2457454432,0.4,NA,N
AU3CB0232346,0.95,NA,N
XS0503834821,0.9,NA,N
AU3CB0248862,0.85,NA,N
US539439AR07,0.85,NA,N
US539439AM10,0.9,NA,N
US53944YAB92,0.85,NA,N
AU3CB0253227,0.85,NA,N
US539830CA58,0.75,NA,N
US539830BX60,0.75,NA,N
XS2281303896,0,0,N
XS2342970402,0,NA,N
XS2206313541,0,NA,N
XS1618597535,0,NA,N
XS2027337786,0,NA,N
XS1954961295,0,NA,N
XS2050914832,0,0,N
XS2352436526,0.3,0,Y
XS2026295639,0.4,0,Y
US55608YAB11,0.9,NA,N
USQ568A9SS79,0.75,NA,N
US55616XAJ63,0.4,NA,N
USU5562LAG42,0.45,NA,N
US55616XAG25,0.4,NA,N
USN54360AD95,0.7,NA,N
SG74C8000009,0.9,NA,N
XS2258453369,0.75,NA,N
USG5825LAA64,0.4,NA,N
US571903BN26,0.85,NA,N
US57636QAR56,0.9,NA,N
US57636QAP90,0.8,NA,N
XS1577945824,0.7,NA,N
XS2486285021,0.7,NA,N
US58013MEC47,0.7,NA,N
XS2624479288,0.75,NA,N
USY59500AA95,0.35,NA,N
USY5951MAA00,0.3,NA,N
USY59501AA78,0.35,NA,N
USG59669AC89,0.75,NA,N
USG5975LAA47,0.7,NA,N
USU2339CDB10,0.9,NA,N
USU5876JAM72,0.75,NA,N
US58933YBA29,0.75,NA,N
US58933YBJ38,0.8,NA,N
AU3CB0284677,0.85,NA,N
AU3CB0245504,0.9,NA,N
US30303M8J41,0.75,NA,N
US30303M8Q83,0.75,NA,N
US59156RAP38,0.7,NA,N
SGXF76275712,0.4,NA,N
USP6629MAC66,0.8,NA,N
USP6629MAD40,0.65,NA,N
USG60744AB87,0.35,NA,N
XS1311942426,0,NA,N
US595112BV48,0.75,NA,N
USU59340AM85,0.8,NA,N
US594918CE21,0.8,NA,N
US594918BY93,0.9,NA,N
US594918BC73,0.8,NA,N
US594918CB81,0.8,NA,N
XS2464423636,0,NA,N
USN57445AA17,0.75,NA,N
XS2357422760,0.95,NA,N
XS2209331300,0.9,NA,N
XS2739009939,0.9,NA,N
XS2651633609,0.9,NA,N
USU6S68YAA69,0.75,NA,N
USU6S68YAE81,0.85,NA,N
US606822AD62,0.9,NA,N
USJ4509LBN04,0.9,NA,N
USJ45187AR21,0.85,NA,N
AU3CB0265551,0.95,NA,N
USG6180BAB39,0.95,NA,N
USJ4599LAL65,0.9,NA,N
USJ4599LAH53,0.9,NA,N
US60687YBU29,0.75,NA,N
US60687YCT47,0.75,NA,N
XS2500899294,0,NA,N
USN6000DAA11,0.45,NA,N
US615369AU95,0.7,NA,N
US6174468C63,0.95,NA,N
US617482V925,0.75,NA,N
US617446HD43,0.75,NA,N
USJ0423YBR48,0.75,NA,N
XS2352522440,0.3,0,Y
USN53766AA41,0.4,NA,N
USL6364EAA12,0.3,NA,N
US628530BC02,0.65,NA,N
XS2197693265,0.4,0.3,Y
XS1691798240,0.85,NA,N
XS1072402925,0.9,NA,N
US63111XAE13,0.7,NA,N
USG6S94TAC79,0.8,NA,N
AU3CB0299246,0.85,NA,N
USQ6535DBR46,0.75,NA,N
USQ6535DBH63,0.75,NA,N
US63254ABE73,0.9,NA,N
AU3CB0291532,0.95,NA,N
AU3CB0301851,0.85,NA,N
XS2540612129,0.9,NA,N
US62878V2A72,0.9,NA,N
AU3CB0292597,0.9,NA,N
AU3CB0301844,0.85,NA,N
US64110LAX47,0.8,NA,N
XS2237430058,0.4,NA,N
AU3SG0002728,0.75,NA,N
XS2492487389,0.95,NA,N
NZLGFDT007C4,0.9,NA,N
USQ66345AA95,0.85,NA,N
USQ66345AB78,0.75,NA,N
XS2453995701,0.4,NA,N
USJ54675AC78,0.75,NA,N
USJ54675BA04,0.75,NA,N
USU6547TAB62,0.85,NA,N
USU6547TAC46,0.75,NA,N
USU65478BU93,0.75,NA,N
USU6547TAE02,0.85,NA,N
USJ57160DX83,0.85,NA,N
USJ57160DY66,0.7,NA,N
USJ57160DZ32,0.5,NA,N
US65535HAW97,0.9,0,Y
US65535HAR03,0.9,0,Y
US65535HAY53,0.85,0,Y
US65535HAZ29,0.9,0,Y
US65535HAX70,0.75,0,Y
US65535HAS85,0.8,0,Y
US65535HBE80,0.9,0,Y
US65535HBF55,0.85,0,Y
US65535HBC25,0.8,0,Y
US65535HBG39,0.9,0,Y
US65535HBH12,0.85,0,Y
US65535HBM07,0.85,0,Y
US65535HBP38,0.7,0,Y
US65535HBK41,0.75,0,Y
US65540KAD72,0.95,NA,N
XS1055787680,0.75,NA,N
US655664AR15,0.4,NA,N
XS1372846003,0.9,NA,N
XS1143390679,0.9,NA,N
XS1792122266,0.8,NA,N
USJ5S39RAE49,0.8,NA,N
XS1751792836,0,NA,N
XS1599132799,0,NA,N
XS2175969125,0.3,NA,N
XS2488074662,0.3,NA,N
US674599EE17,0.85,NA,N
US674599EC50,0.65,NA,N
XS1995111736,0,NA,N
USG6714UAA81,0,NA,N
USG6714RAE74,0,NA,N
XS1221677120,0.85,NA,N
XS1565437487,0.85,NA,N
XS1932866079,0.8,NA,N
SGXF63577419,0.4,NA,N
XS1750113661,0.75,NA,N
XS2288905370,0.55,NA,N
XS2351310482,0.55,NA,N
XS1799523276,0.8,NA,N
US681936BH22,0.9,NA,N
XS1577964536,0.7,NA,N
XS1079848369,0.9,NA,N
XS1457499645,0.85,NA,N
US68389XCB91,0.7,NA,N
US68389XAW56,0.7,NA,N
US68389XCN30,0.8,NA,N
US68389XAM74,0.7,NA,N
US68389XCQ60,0.7,NA,N
US68389XAH89,0.7,NA,N
US68389XAE58,0.7,NA,N
SGXF27609449,0.85,NA,N
SGXF31928306,0.3,NA,N
US69033DAC11,0.95,NA,N
US69121KAE47,0.85,NA,N
US69121KAD63,0.9,NA,N
US694308KE68,0.9,NA,N
AU3CB0282812,0.7,NA,N
XS2348591707,0,NA,N
USJ6354YAP90,0.95,NA,N
US124857AT09,0.85,NA,N
US925524AH30,0.75,NA,N
US70450YAL74,0.75,NA,N
US70450YAN31,0.75,NA,N
XS1555631925,0,NA,N
XS2370772613,0.3,NA,N
XS2351326991,0.1,NA,N
USQ7390AAA09,0.75,NA,N
XS2224065289,0.75,NA,N
US69370RAJ68,0.7,NA,N
USY7138AAB62,0.7,NA,N
US71568QAN79,0.8,NA,N
US71568QAC15,0.85,NA,N
US71568QAM96,0.7,NA,N
US71568QAB32,0.7,NA,N
US71567RAN61,0.9,NA,N
US71567RAU05,0.85,NA,N
US71567RAV87,0.75,NA,N
US71568QAK31,0.7,NA,N
US71568QAG29,0.85,NA,N
US71647NAV10,0.85,NA,N
XS0718502007,0.7,NA,N
US71647NAM11,0.85,NA,N
US71647NAK54,0.4,NA,N
US71647NBJ72,0.4,NA,N
USP7808BAB38,0.3,NA,N
US71654QBV32,0.4,NA,N
US71654QBW15,0.4,NA,N
US71656MBD02,0.4,NA,N
US71654QCK67,0.3,NA,N
US71654QBX97,0.3,NA,N
US71654QDE98,0.3,NA,N
US71654QDB59,0.3,NA,N
US71654QCG55,0.3,NA,N
US71654QCC42,0.3,NA,N
US71654QCB68,0.3,NA,N
US71654QDD16,0.3,NA,N
USY68856AW66,0.75,NA,N
USL75833AA88,0.6,NA,N
US716973AF98,0.75,NA,N
US718172BD03,0.75,NA,N
US718172AC39,0.75,NA,N
XS1639849204,0.2,NA,N
XS2049814184,0.4,NA,N
XS2368566829,0.7,NA,N
USQ7700PAA23,0.45,NA,N
USY70750BV85,0.95,NA,N
USY7S272AD44,0.9,NA,N
USY7S272AH57,0.75,NA,N
XS2049301042,0.9,NA,N
XS2282240907,0.7,NA,N
US73928RAB24,0.75,NA,N
XS2013531061,0.75,NA,N
XS1864036576,0.8,NA,N
XS2341882913,0,NA,N
XS2500700716,0,NA,N
US742718FK01,0.75,NA,N
US74348TAU60,0.9,NA,N
USN7163RAW36,0.85,NA,N
XS2314627089,0.4,NA,N
US74432QCF00,0.75,NA,N
USY70902AB04,0.85,NA,N
USY7133MAC39,0.9,NA,N
XS2247949246,0.4,NA,N
AU3CB0268357,0.8,NA,N
AU3CB0283182,0.85,NA,N
AU3CB0240109,0.9,NA,N
XS2359548935,0.75,NA,N
XS2357494751,0.75,NA,N
XS2114850949,0.9,NA,N
XS2756976218,0.85,NA,N
AU3CB0250363,0.9,NA,N
US747262AM52,0.3,NA,N
XS2080765154,0.85,NA,N
XS2362538642,0.85,NA,N
XS2306847232,0.85,NA,N
XS1641477119,0.85,NA,N
XS1791439257,0.8,NA,N
US74947MAD48,0.8,NA,N
XS2459381104,0,NA,N
XS1216623022,0,NA,N
USY72570AU16,0.7,NA,N
USJ4881VAA55,0.95,NA,N
USJ4881VAB39,0.9,NA,N
US195325CX13,0.9,NA,N
XS2325748106,0,NA,N
USY20721BB49,0.7,NA,N
IDG000012006,0,NA,N
USY20721AE96,0.7,NA,N
IT0003256820,0.65,NA,N
XS1781710543,0.35,NA,N
XS2050982755,0.35,NA,N
SGXZ19172121,0,0.95,Y
US836205BB97,0.45,NA,N
USY8137FAK40,0,NA,N
USY8137FAN88,0,NA,N
US718286CU95,0.7,NA,N
USU76198AA52,0.6,NA,N
US76720AAN63,0.75,NA,N
XS2690996827,0.8,NA,N
XS2127855711,0,0,N
XS2223762209,0,0,N
XS2057076387,0,0,N
XS2356173406,0,0,N
XS2281039771,0,0,N
USU77583AA79,0,NA,N
XS2258400162,0.65,NA,N
US77586TAE64,0.65,NA,N
XS2420457421,0,NA,N
US78016EYH43,0.8,NA,N
AU3CB0303113,0.85,NA,N
US78004VAB99,0.8,NA,N
US78409VAR50,0.75,NA,N
US80007RAK14,0.9,NA,N
US80282KAZ93,0.9,NA,N
US05971KAA79,0.9,NA,N
XS1681539539,0.85,NA,N
XS1912654594,0.75,NA,N
US80386WAC91,0.75,NA,N
US80386WAD74,0.45,NA,N
US80386WAA36,0.85,NA,N
XS2262853349,0.75,NA,N
XS1982113208,0.85,NA,N
XS1982113463,0.75,NA,N
XS0911024635,0.75,NA,N
XS2608638602,0.75,NA,N
USU75065AB53,0.75,NA,N
USU84563AA04,0.85,NA,N
XS1903671938,0,NA,N
XS2089155761,0,NA,N
SGXF87707232,0.3,NA,N
XS2298176988,0.7,NA,N
XS2671498447,0,NA,N
XS2372877204,0,NA,N
XS1791326991,0.7,NA,N
XS2680379695,0.45,NA,N
US822582AD40,0.75,NA,N
XS1637274124,0,NA,N
XS2385392779,0,NA,N
XS2385392936,0,NA,N
XS1759179002,0,NA,N
XS2025575114,0,NA,N
XS1953029284,0,NA,N
AU3CB0256113,0.85,NA,N
XS2241376727,0.95,NA,N
USY7758EEG27,0.85,NA,N
USY7758EEH00,0.75,NA,N
XS2358225477,0,0,N
XS2113708155,0,0,N
XS2219615957,0,0,N
USN82008BA54,0.8,NA,N
XS2284332769,0.3,NA,N
SGXF93746596,0.4,NA,N
XS2405871570,0.3,NA,N
SG70A8000001,0.4,NA,N
SGXF33296140,0.8,NA,N
SGXF81332755,0.85,NA,N
XS2098034452,0,0,N
XS2238209139,0.9,NA,N
XS1163722587,0,NA,N
XS2354271251,0,NA,N
XS2293578832,0,NA,N
XS2034822564,0,NA,N
XS2387368975,0.8,NA,N
USG8201FAA78,0.9,NA,N
XS2288890671,0.9,NA,N
USY8085FBA76,0.9,NA,N
USY8085FBJ85,0.9,NA,N
USY8085FBK58,0.85,NA,N
USG82296AD99,0.95,NA,N
USG82296AF48,0.9,NA,N
USG82296AG21,0.85,NA,N
USG82296AJ69,0.75,NA,N
US832724AB40,0.9,NA,N
US83368TAG31,0.9,NA,N
USF8586CH211,0.9,NA,N
USF43628C650,0.85,NA,N
XS1615104244,0.85,NA,N
USF8586CBS01,0.9,NA,N
USF8586CBU56,0.65,NA,N
XS2361255057,0.45,NA,N
XS2362416617,0.4,NA,N
XS2361252971,0.7,NA,N
XS2361253433,0.55,NA,N
XS1684384511,0.75,NA,N
XS1793255941,0.4,NA,N
XS1684384867,0.5,NA,N
XS2361253607,0.4,NA,N
XS1266660122,0.7,NA,N
XS1811213435,0.7,NA,N
USQ8666BAA37,0.75,NA,N
NZGOVDT534C4,0.8,NA,N
US84861TAC27,0.9,NA,N
US852060AD48,0.8,NA,N
USY714AGAB82,0,NA,N
XS2010609662,0,NA,N
XS2428496637,0.85,NA,N
XS1219971774,0.9,NA,N
XS2230265246,0.65,NA,N
XS1395052639,0.9,NA,N
XS1480699641,0.85,NA,N
XS1049699926,0.65,NA,N
XS1698906259,0.85,NA,N
SGXF79623264,0.3,NA,N
USY81647AB84,0.9,NA,N
XS2281373089,0.85,NA,N
XS2432299449,0.85,NA,N
XS2615928863,0.8,NA,N
XS2744125696,0.8,NA,N
US912803FR90,0,0.65,Y
SGXF85905275,0.3,NA,N
USG85381AG95,0.35,NA,N
USG85381AE48,0.45,NA,N
XS2774296599,0.95,NA,N
XS2068165203,0.95,NA,N
XS2613209753,0.85,NA,N
US86562MCH16,0.9,NA,N
US86562MCA62,0.95,NA,N
US86562MCG33,0.85,NA,N
US86562MBZ23,0.8,NA,N
US86562MCJ71,0.8,NA,N
US86562MCK45,0.7,NA,N
US86562MCT53,0.95,NA,N
US86562MCR97,0.9,NA,N
US86562MCW82,0.85,NA,N
US86562MCS70,0.75,NA,N
US86562MCY49,0.7,NA,N
US86562MAF77,0.9,NA,N
USJ7771YNJ21,0.95,NA,N
NZSUMD0020L7,0.4,NA,N
XS2377388702,0.3,NA,N
XS2079034265,0.4,NA,N
XS2703725460,0,NA,N
XS2703642418,0,NA,N
XS2703630322,0,NA,N
AU3CB0291797,0.95,NA,N
XS2140041786,0.8,NA,N
XS1927705308,0.95,NA,N
XS1394990003,0.9,NA,N
USJ7818LAE05,0.95,NA,N
SGXF77169666,0.3,NA,N
XS2527965334,0.85,NA,N
XS2636425626,0.9,NA,N
SG6SH6000006,0,NA,N
HK0000273869,0.95,NA,N
US87264ABF12,0.8,NA,N
US87264ACY91,0.7,NA,N
US874060AY21,0.7,NA,N
US874060AW64,0.85,NA,N
USU8302LAK45,0.3,NA,N
US876030AF42,0.7,NA,N
XS1121908211,0.75,NA,N
XS2079668609,0.7,NA,N
US87973RAW07,0.8,NA,N
US87973RAE09,0.9,NA,N
SG7W86960343,0.8,NA,N
US88032XAU81,0.8,NA,N
XS2403381069,0.8,NA,N
XS2083962691,0.75,NA,N
US88167AAL52,0.75,NA,N
US88323AAG76,0.75,NA,N
US88323AAH59,0.65,NA,N
US88323AAC62,0.8,NA,N
XS1506085114,0,NA,N
XS2099273737,0,NA,N
US884903BP96,0.7,NA,N
XS2086495400,0,NA,N
XS2027426027,0,NA,N
XS1725308859,0,NA,N
XS2350621517,0.75,NA,N
XS2265528120,0.85,NA,N
XS2099045515,0.4,NA,N
US892331AM12,0.9,NA,N
US89236TFT79,0.85,NA,N
US89236TKD62,0.85,NA,N
XS2051061625,0.95,NA,N
US893526DJ90,0.7,NA,N
XS2582981952,0.5,NA,N
SG55I2992272,0,NA,N
XS1728038818,0,NA,N
XS1728038909,0,NA,N
US872898AH40,0.75,NA,N
USG91139AC27,0.95,NA,N
XS2023698553,0,NA,N
XS1298711729,0.4,NA,N
XS1578203462,0.4,NA,N
XS2011786659,0,NA,N
CH0244100266,0.95,NA,N
XS2670617344,0.95,NA,N
XS2666420679,0.95,NA,N
USG91703AB73,0.95,NA,N
USH4209UAC02,0.85,NA,N
USH42097DS35,0.9,NA,N
XS2015264778,0,NA,N
XS1303927179,0,0,N
XS1902171757,0,NA,N
XS1332351169,0,NA,N
US904764BR72,0.75,NA,N
US910047AK50,0.75,NA,N
XS2684502623,0.75,NA,N
GB00BMGR2809,0.8,NA,N
GB00BMBL1D50,0,NA,N
GB00BFWFPP71,0.75,NA,N
GB00BHBFH458,0.95,NA,N
GB00BPCJD880,0.95,NA,N
GB0002404191,0.85,NA,N
AU3CB0297729,0.9,NA,N
US91282CCG42,0,0.95,Y
US91282CBR16,0,0.95,Y
US912797GZ48,0,0.95,Y
US912797HT78,0,0.95,Y
US912797GQ49,0,0.95,Y
US912797GX99,0,0.95,Y
US912803GU11,0,0.65,Y
US912796CX52,0,0.95,Y
US912797LL96,0,0.95,Y
US912797HR13,0,NA,N
US912797GY72,0,0.95,Y
US912797GP65,0,0.95,Y
US91282CCR07,0,0.9,Y
US91282CCS89,0,0.85,Y
US912810SN90,0,0.8,Y
US91282CDJ71,0,0.85,Y
US91282CDZ14,0,0.95,Y
US91282CEA53,0,0.95,Y
US91282CDY49,0,0.8,Y
US912828XT22,0,0.95,Y
US912828W713,0,0.95,Y
US91282CEG24,0,0.95,Y
US912828WJ58,0,0.95,Y
US91282CEK36,0,0.95,Y
US91282CEN74,0,0.9,Y
US91282CHC82,0,0.8,Y
US91282CFK27,0,0.95,Y
US912810TN81,0,0.8,Y
US912810TR95,0,0.8,Y
US91282CHT18,0,0.8,Y
US91282CGL90,0,0.9,Y
US912810TM09,0,0.8,Y
US91282CHK09,0,0.9,Y
US912810TT51,0,0.8,Y
US91282CFV81,0,0.8,Y
US91282CGG06,0,0.95,Y
US91282CFP14,0,0.95,Y
US91282CFN65,0,0.95,Y
US91282CGD74,0,0.95,Y
US91282CJV46,0,NA,N
US91282CHD65,0,0.95,Y
US912810TU25,0,0.8,Y
US912810QD37,0,0.8,Y
US91282CFQ96,0,0.95,Y
US912810TZ12,0,NA,N
US91282CJJ18,0,0.8,Y
US91282CJK80,0,0.9,Y
US91282CGN56,0,0.95,Y
US91282CJA09,0,0.9,Y
US91282CHZ77,0,NA,N
US91282CHN48,0,NA,N
US91282CJL63,0,0.95,Y
US91282CJF95,0,0.9,Y
US91282CJG78,0,0.85,Y
US91282CHV63,0,0.95,Y
US91282CJE21,0,0.95,Y
US91324PEE88,0.75,NA,N
US91324PEU21,0.85,NA,N
US91324PEV04,0.75,NA,N
US91324PCR10,0.75,NA,N
US91324PEM05,0.95,NA,N
AU3CB0291276,0.85,NA,N
SGXF31421195,0.3,NA,N
XS2189565992,0.4,NA,N
US912810TW80,0,0.8,Y
US91911TAH68,0.65,NA,N
XS2078642183,0,NA,N
XS1958532829,0,0,N
XS2078641888,0,NA,N
USV9667MAA00,0.1,NA,N
USG9T27HAD62,0,NA,N
USG9328DAP53,0,NA,N
AU3CB0268167,0.7,NA,N
US92343VEU44,0.8,NA,N
AU3CB0246239,0.85,NA,N
US92343VBT08,0.7,NA,N
US92343VGT52,0.7,NA,N
US92343VDV36,0.7,NA,N
SGXF19644487,0.9,NA,N
XS2180856440,0.9,NA,N
XS2301842758,0.8,NA,N
USQ94606AG79,0,NA,N
USQ94606AH52,0,NA,N
US92826CAH51,0.9,NA,N
XS2358483258,0.4,NA,N
US92857WBU36,0.7,NA,N
AU3CB0266013,0.95,NA,N
XS2088660795,0.95,NA,N
XS2433140113,0.85,NA,N
XS2562941927,0.9,NA,N
XS2687917018,0.85,NA,N
USU9273ADT98,0.7,NA,N
US254687FY73,0.75,NA,N
US254687EH59,0.75,NA,N
XS1023280271,0,0,N
XS2361211191,0.85,NA,N
XS2486610541,0.75,NA,N
XS1458462006,0.9,NA,N
XS1602313279,0.85,NA,N
US94974BFY11,0.9,NA,N
XS2420031523,0.4,NA,N
XS2239632859,0.3,NA,N
XS2346524783,0,NA,N
US958102AM75,0.7,NA,N
US959802AH24,0.7,NA,N
HK0000220647,0,NA,N
XS2051470396,0.95,NA,N
HK0000396314,0.95,NA,N
XS2289852522,0.3,NA,N
SGXF78185646,0.3,NA,N
USQ98236AC80,0.9,NA,N
USG98100AA11,0,NA,N
USG98149AC46,0.45,NA,N
USG98149AG59,0.45,NA,N
USU98401AA75,0.7,NA,N
XS2649030330,0.3,NA,N
USY77108AA93,0.75,NA,N
XS2122380822,0,NA,N
XS2100664544,0,NA,N
XS2317279573,0,NA,N
XS2362785573,0.4,NA,N
XS2130508000,0,NA,N
XS2277549155,0,NA,N
XS2121187962,0,NA,N
XS2429784809,0,NA,N
XS1555300497,0,NA,N
XS1508493498,0,NA,N
XS1945941786,0,NA,N
XS1954963580,0,NA,N
XS2673291683,0.95,NA,N
XS2346158822,0,NA,N
XS2476291062,0,NA,N
XS2476292037,0,NA,N
XS1692251413,0,NA,N
XS2453962107,0.4,NA,N
XS2450206516,0.85,NA,N
XS2347297488,0.4,NA,N
XS2498035455,0.65,NA,N
US007924AJ23,0.65,NA,N
XS2063279959,0,0,N
DE000A2DAHN6,0.75,NA,N
USX10001AC35,0.75,NA,N
US025816CX59,0.7,NA,N
US026874DM66,0.65,NA,N
USU0044VAF32,0.7,NA,N
XS1261170515,0.7,NA,N
XS1423777215,0.7,NA,N
SG6YC3000008,0.2,NA,N
SG6TF6000008,0,NA,N
XS1678362911,0.75,NA,N
USQ0426RNE46,0.8,NA,N
XS2526826198,0.75,NA,N
AU3CB0291466,0.75,NA,N
AU3FN0049128,0.85,NA,N
AU3CB0292472,0.7,NA,N
XS1488459485,0.7,NA,N
XS1550938978,0.75,NA,N
US05946KAK79,0.9,NA,N
US05968LAK89,0.5,NA,N
USY0606WCA63,0.65,NA,N
US06051GJB68,0.8,NA,N
US06051GKB40,0.75,NA,N
US06051GGZ63,0.95,NA,N
US06051GHT94,0.9,NA,N
US06051GKL22,0.7,NA,N
US06051GLA57,0.9,NA,N
US06051GKW86,0.85,NA,N
US06051GKY43,0.75,NA,N
US06051GLG28,0.85,NA,N
US06051GLH01,0.75,NA,N
US06051GLC14,0.85,NA,N
US59022CAA18,0.9,NA,N
XS2592797398,0.85,NA,N
US0641598N91,0.65,NA,N
US0641598S88,0.65,NA,N
US06738EBU82,0.85,NA,N
US06738EBP97,0.65,NA,N
US06738EBH71,0.9,NA,N
US06738EBD67,0.8,NA,N
US06738EBZ79,0.9,NA,N
US06738EBY05,0.85,NA,N
XS2592840586,0.4,NA,N
US06738ECC75,0.9,NA,N
XS1892382158,0.7,NA,N
FR0013476611,0.75,NA,N
FR0014003N10,0.75,NA,N
US09659X2L59,0.9,NA,N
FR0014008M32,0.85,NA,N
FR001400H9B5,0.75,NA,N
US09660V2A05,0.7,NA,N
FR001400NW84,0.7,NA,N
US09659X2U58,0.85,NA,N
US09659X2H48,0.8,NA,N
FR001400BLE6,0.75,NA,N
US05581LAF67,0.85,NA,N
FR001400I9I9,0.85,NA,N
USG15820EA02,0.4,NA,N
US14040HDA05,0.7,NA,N
XS2460522555,0.2,NA,N
US172967NF48,0.7,NA,N
US172967MP39,0.75,NA,N
US172967MM08,0.7,NA,N
US172967NX53,0.9,NA,N
XS1385999492,0.75,NA,N
XS2537263340,0.65,NA,N
AU3CB0288389,0.75,NA,N
AU3CB0293769,0.75,NA,N
US74977SDR04,0.85,NA,N
AU3FN0078150,0.9,NA,N
USP3R94GAA71,0.6,NA,N
XS2191175319,0,NA,N
FR0014009V14,0.75,NA,N
XS2002683261,0.7,NA,N
FR001400G5U4,0.7,NA,N
FR001400KJF8,0.7,NA,N
US23636BBC28,0.85,NA,N
AU3FN0075446,0.95,NA,N
XS2303762475,0.85,NA,N
XS1216614542,0.9,NA,N
XS2526843797,0.9,NA,N
US251526CB33,0.9,NA,N
US251526BN89,0.65,NA,N
US25160PAJ66,0.9,NA,N
US251526CT41,0.65,NA,N
XS1935140068,0.2,NA,N
XS2495358009,0,NA,N
XS2495355674,0,NA,N
XS2495359403,0,NA,N
USF2941JAA81,0.3,NA,N
US29379VBR33,0.7,NA,N
XS2765576538,0.85,NA,N
US37247DAG16,0.2,NA,N
US38141GZR81,0.85,NA,N
US38141GZT48,0.85,NA,N
US38141GZU11,0.85,NA,N
US38141GA468,0.8,NA,N
US38141GVX95,0.9,NA,N
US404280CS68,0.95,NA,N
XS2322315727,0.9,NA,N
US404280CV97,0.85,NA,N
US404280CX53,0.9,NA,N
US404280CE72,0.95,NA,N
US404280CT42,0.75,NA,N
US404280BK42,0.85,NA,N
US404280BX62,0.9,NA,N
XS2630484744,0.85,NA,N
US404280BT50,0.85,NA,N
US404280DF39,0.85,NA,N
US404280DG12,0.85,NA,N
XS2491654179,0.75,NA,N
XS2595720967,0.7,NA,N
XS2679876453,0.7,NA,N
US404280DH94,0.75,NA,N
US404280ED71,0.8,NA,N
US404280EE54,0.75,NA,N
US404280DZ92,0.9,NA,N
US404280DU06,0.85,NA,N
US404280DV88,0.75,NA,N
US404280DW61,0.75,NA,N
XS2553547444,0.75,NA,N
US404280DX45,0.7,NA,N
US404280DQ93,0.9,NA,N
US404280DR76,0.85,NA,N
US404280EC98,0.7,NA,N
US404280DS59,0.7,NA,N
US456837BB82,0.85,NA,N
US456837BF96,0.85,NA,N
XS2588986724,0.7,NA,N
US456837BD49,0.9,NA,N
XS2585240984,0.4,NA,N
XS2761357594,0.4,NA,N
CA45833VAA76,0.2,NA,N
XS0079098967,0,NA,N
US46647PCP99,0.9,NA,N
US46647PBV76,0.75,NA,N
US46647PBE51,0.8,NA,N
US46647PBA30,0.9,NA,N
US46647PCZ71,0.9,NA,N
US46647PBJ49,0.8,NA,N
US46647PDC77,0.75,NA,N
US46647PDR47,0.75,NA,N
US46647PDM59,0.95,NA,N
US46647PDK93,0.7,NA,N
US46647PDY97,0.75,NA,N
XS2056558088,0.45,NA,N
XS2384355520,0.2,NA,N
XS1751476679,0.7,NA,N
XS1580239207,0.7,NA,N
XS2166022934,0.7,NA,N
AU3FN0041042,0.9,NA,N
US539439AQ24,0.85,NA,N
US53944YAT01,0.9,NA,N
XS2668240844,0.6,NA,N
AU3CB0290096,0.85,NA,N
US539439AY57,0.85,NA,N
XS2591847970,0.65,NA,N
XS2639510341,0.2,NA,N
XS1888930150,0.7,NA,N
AU3CB0307023,0.7,NA,N
AU3CB0290039,0.75,NA,N
US55608KBC80,0.85,NA,N
XS2521782107,0.9,NA,N
US55608KBF12,0.9,NA,N
US55608KBG94,0.7,NA,N
US55608KBN46,0.7,NA,N
USJ41838AK95,0.75,NA,N
USJ41838AA14,0.75,NA,N
US606822CD45,0.75,NA,N
US606822CH58,0.95,NA,N
US606822CL60,0.85,NA,N
US606822CQ57,0.95,NA,N
US606822CK87,0.75,NA,N
US606822CY81,0.85,NA,N
US606822CN27,0.85,NA,N
US606822DC52,0.75,NA,N
US606822CS14,0.85,NA,N
US606822CX09,0.75,NA,N
US606822CR31,0.75,NA,N
US606822CT96,0.8,NA,N
US606822CV43,0.95,NA,N
US606822CZ56,0.9,NA,N
US60687YBL20,0.8,NA,N
US60687YBE86,0.8,NA,N
US60687YCL11,0.85,NA,N
US60687YCP25,0.85,NA,N
US60687YCM93,0.75,NA,N
US60687YCR80,0.8,NA,N
US60687YDB20,0.75,NA,N
US60687YCZ07,0.85,NA,N
XS2672744013,0.85,NA,N
XS2436038546,0,NA,N
US61747YEQ44,0.95,NA,N
US6174468P76,0.8,NA,N
US61747YFG52,0.75,NA,N
US61747YEX94,0.9,NA,N
US61747YEV39,0.85,NA,N
USD5558XAA66,0.75,NA,N
XS1550984816,0.75,NA,N
US6325C1D301,0.95,NA,N
AU3CB0291284,0.75,NA,N
AU3FN0048195,0.85,NA,N
US639057AB46,0.65,NA,N
US780097BP50,0.85,NA,N
XS2172960481,0.75,NA,N
US780097BG51,0.8,NA,N
US639057AG33,0.9,NA,N
US65339KCB44,0.7,NA,N
USJ54675AD51,0.75,NA,N
USJ54675AZ63,0.75,NA,N
USJ54675AB95,0.75,NA,N
USJ54675BC69,0.75,NA,N
SGXF78097098,0.65,NA,N
XS1655085485,0,NA,N
AU3FN0078101,0.9,NA,N
US744320AV41,0.7,NA,N
US744320BF81,0.7,NA,N
US744320BK76,0.7,NA,N
XS2403426427,0.75,NA,N
XS1423722823,0.65,NA,N
XS1144495808,0.65,NA,N
XS2049622272,0.75,NA,N
XS1254119750,0.4,NA,N
US80281LAG05,0.85,NA,N
USQ8053LAA28,0.7,NA,N
USQ8053LAB01,0.7,NA,N
XS1556395710,0.7,NA,N
XS2531672892,0.65,NA,N
SGXF86578394,0.65,NA,N
US83368TBC18,0.85,NA,N
US83368TBX54,0.7,NA,N
US83368TBR86,0.85,NA,N
US83368TBQ04,0.9,NA,N
US83368TBS69,0.7,NA,N
FR001400F877,0.4,NA,N
XS2312154508,0.9,NA,N
XS2283175516,0.9,NA,N
USG84228EW42,0.9,NA,N
AU3CB0264703,0.9,NA,N
AU3FN0048815,0.9,NA,N
USG84228FD51,0.9,NA,N
XS2750316312,0.8,NA,N
XS2001211122,0.8,NA,N
XS1793294841,0.65,NA,N
USG84228GC69,0.7,NA,N
USG84228FN34,0.9,NA,N
USG84228FU76,0.85,NA,N
USG84228FQ64,0.85,NA,N
USG84228FT04,0.9,NA,N
USG84228FL77,0.85,NA,N
USG84228FH65,0.9,NA,N
USJ77549AC73,0.75,NA,N
USJ77549AN39,0.75,NA,N
US86562MCZ14,0.9,NA,N
XS2708721233,0,NA,N
XS2708721589,0,NA,N
XS2708721829,0,NA,N
XS2708722397,0,NA,N
XS2708722637,0,NA,N
XS2708722983,0,NA,N
XS1973748707,0.75,NA,N
XS2191441489,0.7,NA,N
US89352HAC34,0.65,NA,N
US89356BAC28,0.4,NA,N
CH1142231682,0.9,NA,N
USH42097CC91,0.8,NA,N
USH42097CU99,0.75,NA,N
USH3698DBM59,0.85,NA,N
USH3698DCW23,0.8,NA,N
USH42097DK09,0.9,NA,N
USH42097DB00,0.85,NA,N
USH42097EN39,0.85,NA,N
USH42097EQ69,0.75,NA,N
USH42097EL72,0.9,NA,N
USH3698DDN15,0.85,NA,N
USH42097DA27,0.9,NA,N
XS2230275633,0.75,NA,N
US91127LAH33,0.75,NA,N
XS2343851510,0.65,NA,N
XS2227898421,0.7,NA,N
US92857WBV19,0.4,NA,N
US92857WBX74,0.4,NA,N
XS1888180640,0.4,NA,N
US92857WBQ24,0.4,NA,N
XS2630493570,0.4,NA,N
AU3FN0049672,0.85,NA,N
US961214EM13,0.8,NA,N
US961214EF61,0.7,NA,N
US961214DF70,0.75,NA,N
XS2529229036,0.75,NA,N
US961214FG36,0.7,NA,N
XS1221106641,0.75,NA,N
XS2675692664,0.85,NA,N
XS2283177561,0.75,NA,N
XS2416978190,0.75,NA,N
XS2523960719,0.75,NA,N
XS2348411062,0.4,NA,N
US090040AF30,0.3,NA,N
MYL5099LA8C1,0,NA,N
XS2581879207,0,NA,N
XS2676374239,0.25,NA,N
XS2676373694,0.3,NA,N
US868ESCAA29,0,NA,N
XS1082775054,0,NA,N
XS2301133943,0.3,NA,N
XS2377720839,0.3,NA,N
US81141RAG56,0.3,NA,N
SGXF74459318,0,NA,N
XS2505918610,0.3,NA,N
XS2708724096,0,NA,N
XS2708723791,0,NA,N
XS2269112863,0.85,NA,N
XS1693822634,0.4,NA,N
XS2774944008,0.65,NA,N
XS2725803162,0.65,NA,N
XS2642454271,0.2,NA,N
NL0000116168,0.7,NA,N
BE6317598850,0.7,NA,N
XS2081524675,0,NA,N
XS2071413483,0,NA,N
XS2003471617,0,NA,N
XS2352275684,0.7,NA,N
XS2598331085,0.7,NA,N
SGXF10875296,0.2,NA,N
SGXF72350378,0.2,NA,N
XS2264054706,0.7,NA,N
XS2264055182,0.7,NA,N
USX10001AB51,0.7,NA,N
USX10001AA78,0.7,NA,N
XS1485742438,0.7,NA,N
US025816CH00,0.4,NA,N
SGXF15643061,0.2,NA,N
SG7ND7000003,0.2,NA,N
XS1640851983,0.7,NA,N
XS2282238083,0.2,NA,N
XS2538738175,0.2,NA,N
SGXF19322878,0.2,NA,N
USQ08328AA64,0.65,NA,N
XS2485268150,0.7,NA,N
XS0210434782,0.7,NA,N
XS1489814340,0.7,NA,N
XS2737652474,0.7,NA,N
XS0260056717,0.7,NA,N
USY1009XAA73,0.4,NA,N
ES0813211010,0.4,NA,N
US05946KAF84,0.4,NA,N
USP14008AE91,0.4,NA,N
XS2388378981,0.4,NA,N
XS2342620924,0.4,NA,N
XS2102912966,0.4,NA,N
US05971KAH23,0.4,NA,N
XS1793250041,0.4,NA,N
US05971KAQ22,0.4,NA,N
USY06072AD75,0.4,NA,N
XS2385923722,0.4,NA,N
US060505FL38,0.65,NA,N
XS2238561281,0.65,NA,N
XS2049804896,0.4,NA,N
XS2222027364,0.4,NA,N
US06368B5P91,0.65,NA,N
US064058AF75,0.7,NA,N
US064159VJ25,0.65,NA,N
US064159KJ44,0.65,NA,N
US06738EBT10,0.4,NA,N
XS1658012023,0.4,NA,N
US06738EBN40,0.4,NA,N
XS2049810356,0.4,NA,N
XS1998799792,0.4,NA,N
US06738EBX22,0.4,NA,N
US06738EBG98,0.4,NA,N
XS2498454342,0.4,NA,N
XS2492482828,0.4,NA,N
XS2591803841,0.4,NA,N
US06738ECN31,0.4,NA,N
FR0013433257,0.4,NA,N
USF1R15XK938,0.4,NA,N
USF1R15XK854,0.4,NA,N
USF1R15XK367,0.4,NA,N
USF1R15XL274,0.4,NA,N
USF1067PAB25,0.4,NA,N
USF1R15XL357,0.4,NA,N
USF1R15XK771,0.4,NA,N
FR001400G6X6,0.65,NA,N
FR001400F2H9,0.4,NA,N
USF1067PAF39,0.4,NA,N
USF1067PAE63,0.4,NA,N
USF1067PAD80,0.4,NA,N
XS0029484945,0,NA,N
XS2193661324,0.7,NA,N
XS2193663619,0.7,NA,N
US05565QDU94,0.7,NA,N
US05565QDV77,0.7,NA,N
XS2388179603,0.55,NA,N
XS2019231823,0.6,NA,N
ES0840609012,0.4,NA,N
SGXF22870954,0.2,NA,N
SGXF21741271,0.2,NA,N
XS2277590209,0.4,NA,N
XS2076167456,0.2,NA,N
US808513CB92,0.65,NA,N
XS2365668891,0.7,NA,N
XS2327458191,0.7,NA,N
XS1653470721,0,NA,N
FR0014002RQ0,0.7,NA,N
XS2243350753,0.2,0.6,Y
DE000CZ45WA7,0.4,NA,N
XS2189784288,0.4,NA,N
XS2024502960,0.4,NA,N
XS2050933972,0.65,NA,N
XS2202900424,0.65,NA,N
XS1877860533,0.65,NA,N
XS2456432413,0.65,NA,N
XS0556373347,0.4,NA,N
FR0012222297,0.7,NA,N
XS2353099638,0.65,NA,N
USF2R125CJ25,0.65,NA,N
USF2R125CF03,0.65,NA,N
USF2R125CD54,0.65,NA,N
USJ09748AD66,0.65,NA,N
USJ09748AC83,0.65,NA,N
XS2343014119,0.4,NA,N
XS1586367945,0.4,NA,N
XS2122408854,0.6,NA,N
DE000DL19V55,0.4,NA,N
DE000DL19VZ9,0.4,NA,N
XS1071551474,0.4,NA,N
US251525AX97,0.3,NA,N
DE000DL19WG7,0.4,NA,N
XS1071551391,0.4,NA,N
US251525AN16,0.4,NA,N
XS2075280995,0.7,NA,N
XS2158697255,0.4,NA,N
CH0593093229,0.2,NA,N
USU75065AA70,0.2,NA,N
XS2123115029,0.65,NA,N
XS2216209333,0.7,NA,N
FR0011700293,0.3,NA,N
FR0011401728,0.3,NA,N
FR001400EFQ6,0.3,NA,N
FR0011697028,0.3,NA,N
XS2342723900,0.2,0.6,Y
XS2134363170,0.2,0.65,Y
XS1964681610,0.3,NA,N
XS2108494837,0.4,NA,N
SGXF85669657,0.2,NA,N
SG7IC6000006,0.2,NA,N
XS2050584866,0.2,NA,N
XS2236340951,0.65,NA,N
XS1262602532,0.7,NA,N
XS2673651217,0.7,NA,N
XS2038876558,0.45,NA,N
XS1748857379,0.4,NA,N
XS1628340538,0.4,NA,N
XS2399476972,0.3,NA,N
XS2340147813,0,0,N
XS2357239057,0,0,N
USY3119PFH74,0.4,NA,N
USG4637HAB45,0.4,NA,N
US404280CP20,0.65,NA,N
US404280CN71,0.65,NA,N
US404280CQ03,0.65,NA,N
XS1640903701,0.65,NA,N
XS1884698256,0.65,NA,N
US404280BL25,0.65,NA,N
US404280AS86,0.65,NA,N
US404280AT69,0.65,NA,N
US404280BP39,0.65,NA,N
US404280DT33,0.65,NA,N
XS2383421711,0.4,NA,N
XS2229473678,0.4,NA,N
US456837AY94,0.4,NA,N
US456837AZ69,0.4,NA,N
XS2122174415,0.4,NA,N
US456837AR44,0.4,NA,N
US456837AF06,0.4,NA,N
XS1956051145,0.4,NA,N
US48128BAD38,0.65,NA,N
XS1679216801,0.3,NA,N
XS2468403428,0.3,NA,N
XS2371174504,0.4,NA,N
XS2242131071,0.4,NA,N
SGXF23112406,0.2,NA,N
SGXF78346933,0.2,NA,N
SGXF11132135,0.2,NA,N
SGXF71913440,0.2,NA,N
XS2313655677,0.4,NA,N
DE000LB2CPE5,0.3,NA,N
XS1993771325,0.2,0,Y
XS2190956941,0.7,NA,N
SGXF95914572,0.2,NA,N
XS1389118453,0,0,N
XS1043545059,0.4,NA,N
XS2080995405,0.4,NA,N
US53944YAJ29,0.4,NA,N
US539439AG42,0.4,NA,N
US539439AU36,0.4,NA,N
US53944YAV56,0.4,NA,N
USQ568A9SP31,0.4,NA,N
SGXF42870141,0.2,NA,N
SGXF77555013,0.2,NA,N
SG7HE5000005,0.2,NA,N
SGXF49342292,0.2,NA,N
SG7BB1000008,0.2,NA,N
US59156RCA41,0.7,NA,N
US59156RBT41,0.7,NA,N
XS2362785656,0.7,NA,N
US606822DD36,0.4,NA,N
US61762V8046,0.65,NA,N
XS2048709427,0.4,NA,N
XS2113658202,0.4,NA,N
XS2315966742,0.4,NA,N
US639057AD02,0.4,NA,N
US780097BQ34,0.4,NA,N
US780099CK11,0.4,NA,N
XS2306962841,0.65,NA,N
USV6703DAA29,0.4,NA,N
XS1914379265,0,NA,N
XS1960476387,0.3,NA,N
XS2348062899,0.2,NA,N
XS2268392599,0,0,N
XS2132986741,0.1,NA,N
XS2435611327,0.3,NA,N
USG6712EAB41,0,NA,N
SGXF39597590,0.2,NA,N
XS2346530244,0.2,NA,N
SGXF11790429,0.65,NA,N
SGXF54217405,0.65,NA,N
SGXF30008100,0.65,NA,N
SGXF59890693,0.65,NA,N
XS1843431427,0.2,NA,N
USP7808BAA54,0.3,NA,N
US71656MAF68,0.3,NA,N
XS2330597738,0.3,NA,N
XS2106524262,0.2,NA,N
XS1802140894,0.2,NA,N
XS1668531335,0.7,NA,N
XS1700429480,0.7,NA,N
XS1707749229,0.65,NA,N
USQ78063AJ59,0.65,NA,N
XS2451768720,0.7,NA,N
XS2077741978,0.2,NA,N
XS2332889778,0.3,NA,N
USJ6S87BAA66,0.3,NA,N
USJ6S87BAX69,0.3,NA,N
XS1575957920,0.2,NA,N
XS2219370660,0.2,NA,N
XS1635996603,0,0,N
XS1567389728,0,0,N
XS2079096884,0,0,N
XS2399976195,0.65,NA,N
XS2393498204,0.65,NA,N
XS2202749003,0.3,NA,N
XS2207320701,0.2,NA,N
XS1592884123,0.4,NA,N
FR0013322823,0.7,NA,N
SGXF43872450,0.2,NA,N
SGXF98411774,0.2,NA,N
SGXF57756193,0.2,NA,N
SGXF49261369,0.2,NA,N
SGXF24733614,0.4,NA,N
SGXF70435585,0.7,NA,N
XS1677024579,0,0,N
XS2346954873,0.3,NA,N
XS2098881654,0.3,NA,N
FR0013446424,0.4,NA,N
USF8500RAA08,0.4,NA,N
USF8586CBQ45,0.4,NA,N
USF43628B413,0.4,NA,N
USF8600KAA46,0.4,NA,N
USF8500RAB80,0.4,NA,N
FR0013414810,0.4,NA,N
USF8500RAC63,0.4,NA,N
XS1642686676,0.3,NA,N
XS2417388175,0.7,NA,N
USG84228EV68,0.4,NA,N
USG84228EP90,0.4,NA,N
XS2013525253,0.4,NA,N
USG84228EH74,0.4,NA,N
US853254AC43,0.4,NA,N
USG84228FJ22,0.4,NA,N
SGXF40957189,0.2,NA,N
SG7DD8000003,0.2,NA,N
USJ77549AP86,0.7,NA,N
SGXF29810219,0.2,NA,N
SGXF25994876,0.2,NA,N
XS2046625765,0.4,NA,N
XS2582389156,0.4,NA,N
NO0010871791,0,NA,N
USH42097CL90,0.4,NA,N
USH42097CB19,0.4,NA,N
CH0488506673,0.4,NA,N
USH42097CS44,0.4,NA,N
CH0558521263,0.4,NA,N
CH1325807860,0.65,NA,N
CH0286864027,0.4,NA,N
CH0271428333,0.4,NA,N
USH42097EW38,0.4,NA,N
USH42097ES26,0.4,NA,N
USH42097ER43,0.4,NA,N
CH0495570928,0.65,NA,N
SGXF73188736,0.65,NA,N
SGXF56824851,0.65,NA,N
SGXF92643398,0.7,NA,N
XS2342732646,0.65,NA,N
XS1206541366,0.65,NA,N
XS1048428442,0.65,NA,N
XS1799939027,0.65,NA,N
US96122UAA25,0.65,NA,N
XS1654179925,0.3,NA,N
